<?xml version="1.0" encoding="UTF-8"?>  
<!DOCTYPE log4j:configuration SYSTEM "log4j.dtd">
<log4j:configuration xmlns:log4j='http://jakarta.apache.org/log4j/'>

<appender name="STDOUT" class="org.apache.log4j.ConsoleAppender">
    <layout class="org.apache.log4j.PatternLayout">
        <param name="ConversionPattern" value="%d %-5p [%t] %C{2} (%F:%L) - %m%n" />
    </layout>
</appender>

<appender name="FILE" class="org.apache.log4j.DailyRollingFileAppender">
    <param name="File" value="${mule.home}/logs/passport.log" />
    <param name="DatePattern" value="'.'yyyy-MM-dd'.log'" />
    <param name="Append" value="true" />
    <layout class="org.apache.log4j.PatternLayout">
        <param name="ConversionPattern" value="%d %-5p [%t] %C{2} (%F:%L) - %m%n" />
    </layout>
     <filter class="org.apache.log4j.varia.LevelRangeFilter">
        <param name="LevelMin" value="INFO" />
        <param name="LevelMax" value="FATAL" />
        <param name="AcceptOnMatch" value="true" />
    </filter>
</appender>

<root>
    <level value="INFO" />
    <appender-ref ref="FILE" />
</root>

</log4j:configuration>